channel,adstock_shape,adstock_scale,saturation_alpha,saturation_gamma,coefs,immediate_effect,spend,sat_curve_pts
facebook,0.5,0.9,3010.672383333333,3.1,4428.435231695736,0.538712680999748,2213.58505,0.6708840972876411
google_ads,0.5,0.9,1461.5706750000002,4.1,3493.9698170146703,0.538712680999748,1520.72255,1.2603193648044937
tiktok,0.5,0.8,4455.963866666667,9.6,4037.683529487543,0.5606168424939404,2946.2076500000003,0.13386970242719815
