index,channel,adstock_shape,adstock_scale,saturation_alpha,saturation_gamma,coefs,immediate_effect,spend,sat_curve_pts
0,facebook,0.5,0.9,2025.6880833333332,9.6,2682.09755506098,0.538712680999748,2213.58505,0.07098325415568717
1,google_ads,0.5,0.9,961.7737,8.6,2731.147646375047,0.538712680999748,1520.72255,2.4812548230776947
2,tiktok,0.5,0.9,4228.194875,4.1,4981.213602144968,0.538712680999748,2946.2076500000003,0.12041140124095101
